datetime,id,name,text
Sun May 12 16:51:04 +0000 2019,b'tantantrade',b'\xe3\x82\xbf\xe3\x83\xb3\xe3\x82\xbf\xe3\x83\xb3\xf0\x9f\x90\xbc',b'\xe7\xab\x8b\xe6\x95\x99\xe3\x82\x84\xe9\x9d\x92\xe5\xad\xa6\xe5\x8d\x92\xe3\x81\xae\xe3\x81\xab\xe3\x82\x83\xe3\x82\x93\xe3\x81\xab\xe3\x82\x83\xe3\x82\x93OL\xe3\x82\x88\xe3\x82\x8a\xe6\x9d\xb1\xe5\xa4\xa7\xe3\x82\x84\xe6\x97\xa9\xe7\xa8\xb2\xe7\x94\xb0\xe5\x8d\x92\xe3\x81\xae\xe3\x81\xab\xe3\x82\x83\xe3\x82\x93\xe3\x81\xab\xe3\x82\x83\xe3\x82\x93OL\xe3\x81\xae\xe6\x96\xb9\xe3\x81\x8c\xe8\x90\x8c\xe3\x81\x88\xe3\x82\x8b\xe3\x82\x88\xe3\x81\xad\xef\xbc\x9f\n\xe3\x81\xaf\xef\xbc\x9f'
Sun May 12 16:50:35 +0000 2019,b'tunacannd',b'\xe3\x81\xbe\xe3\x81\x90\xe3\x82\x8d\xe3\x81\x95\xe3\x82\x93',b'\xe3\x81\x8a\xe3\x81\x86\xe3\x81\x98\xe3\x81\xa8\xe8\xa9\xb1\xe3\x81\x97\xe3\x81\xa6\xe3\x81\xa6\xe8\xa8\x98\xe6\x86\xb6\xe3\x81\xae\xe6\x89\x89\xe3\x82\x92\xe3\x81\xb2\xe3\x82\x89\xe3\x81\x84\xe3\x81\x9f\xe3\x82\x93\xe3\x81\xa0\xe3\x81\x91\xe3\x81\xa9\xe8\xb3\xa2\xe3\x81\x8f\xe3\x81\xaa\xe3\x81\x84\xe6\x9d\xb1\xe5\xa4\xa7\xe7\x94\x9f\xe3\x81\xab\xe7\x99\xba\xe8\xa8\x80\xe3\x81\x99\xe3\x82\x8b\xe3\x81\x9f\xe3\x81\xb3dis\xe3\x82\x89\xe3\x82\x8c\xe3\x81\xa6\xe3\x81\x84\xe3\x81\x9f\xe3\x81\x93\xe3\x81\xa8\xe3\x82\x82\xe3\x81\x82\xe3\x81\xa3\xe3\x81\x9f'
Sun May 12 16:50:06 +0000 2019,b'unicoder',b'naka64; JF8XAM/1;',b'RT @smasuda: \xe3\x80\x8c\xe5\x9c\xb0\xe6\x96\xb9\xe5\x89\xb5\xe7\x94\x9f\xe3\x82\x92\xe3\x82\x84\xe3\x82\x81\xe3\x81\xa6\xe3\x81\x8f\xe3\x82\x8c\xe3\x81\xa6\xe8\x89\xaf\xe3\x81\x8b\xe3\x81\xa3\xe3\x81\x9f\xe3\x80\x8d\xef\xbc\x81\xef\xbc\x9f\xe3\x80\x90\xe6\x9d\xb1\xe5\xa4\xa7\xe6\xb3\x95\xe5\xad\xa6\xe9\x83\xa8\xe6\x95\x99\xe6\x8e\x88\xe3\x82\x92\xe6\x8e\xa8\xe8\x96\xa6\xe7\x94\x9f\xe3\x81\x8c\xe7\x9b\xb4\xe6\x92\x83\xe3\x80\x91 https://t.co/GD9nqIxu4Y \xe5\x85\xa8\xe7\xb7\xa8\xe6\xad\xa3\xe5\xba\xa7\xe3\x81\x97\xe3\x81\xa6\xe5\xbf\x85\xe8\xaa\xad\xe3\x81\xa7\xe3\x81\x82\xe3\x82\x8b\xe3\x80\x82\xe5\xad\xa6\xe8\x80\x85\xe3\x81\x9f\xe3\x82\x8b\xe3\x82\x82\xe3\x81\xae\xe3\x81\x8b\xe3\x81\x8f\xe3\x81\x82\xe3\x82\x8a\xe3\x81\x9f\xe3\x81\x84'
Sun May 12 16:50:01 +0000 2019,b'daiyonbot',b'\xe5\xa4\xa7\xef\xbc\x94bot',b'\xe5\xa4\xa7\xe5\xad\xa6\xe3\x82\x92\xe8\x81\x9e\xe3\x81\x8b\xe3\x82\x8c\xe3\x81\x9f\xe3\x81\xa8\xe3\x81\x8d\xe3\x81\xae\xe5\x8f\x8d\xe5\xbf\x9c \xe6\x9d\xb1\xe5\xa4\xa7\xe7\x94\x9f\xe3\x80\x8c\xe4\xb8\x80\xe5\xbf\x9c\xe6\x9d\xb1\xe5\xa4\xa7\xe3\x81\xa7\xe3\x81\x99\xe3\x80\x8d \xe6\x98\x8e\xe5\xa4\xa7\xe7\x94\x9f\xe3\x80\x8c\xe6\x97\xa9\xe7\xa8\xb2\xe7\x94\xb0\xe8\x90\xbd\xe3\x81\xa1\xe3\x81\xbe\xe3\x81\x97\xe3\x81\x9f\xe3\x80\x8d \xe4\xb8\xad\xe5\xa4\xae\xe6\xb3\x95\xe3\x80\x8c\xe4\xb8\xad\xe5\xa4\xae\xe6\xb3\x95\xe3\x81\xa7\xe3\x81\x99\xe3\x80\x8d - \xe3\x81\x8b\xe3\x82\x8c\xe3\x81\xa3\xe3\x81\x98\xe3\x83\xa9\xe3\x82\xa4\xe3\x83\x95\xe3\x83\x8f\xe3\x83\x83\xe3\x82\xad\xe3\x83\xb3\xe3\x82\xb0 https://t.co/ykgwKpPk  \xe4\xbf\xba\xe3\x81\xaf\xe5\xa4\xa7\xe5\xad\xa6\xe5\x90\x8d\xe3\x81\xae\xe5\x89\x8d\xe3\x81\xab\xe3\x80\x8c\xe3\x81\x93\xe3\x82\x8c\xe3\x81\xa7\xe3\x82\x82\xe3\x80\x8d\xe3\x82\x92\xe6\xb7\xbb\xe3\x81\x88\xe3\x82\x8b\xe6\xb4\xbe( \xef\xbe\x9f\xd0\x94\xef\xbe\x9f)y\xe2\x94\x80\xe2\x94\x9b~~ #daiyonbot'
Sun May 12 16:50:00 +0000 2019,b'kngwest',b'kngwest',b'RT @fj_333: \xef\xbc\x99\xe6\x9d\xa1\xe3\x81\xb8\xe8\x87\xaa\xe8\xa1\x9b\xe9\x9a\x8a\xe3\x82\x92\xe6\x98\x8e\xe8\xa8\x98\xe3\x81\x99\xe3\x82\x8b\xe3\x81\xa8\xe3\x81\xaf\xe3\x80\x81\n\xe3\x80\x80\xe3\x80\x80\xe5\xba\x83\xe6\xb8\xa1\xe6\xb8\x85\xe5\x90\xbe\xe3\x80\x81\xe6\x9d\xb1\xe5\xa4\xa7\xe5\x90\x8d\xe8\xaa\x89\xe6\x95\x99\xe6\x8e\x88\xef\xbc\x88\xe6\xb3\x95\xe5\xad\xa6\xef\xbc\x89\n\n\xe2\x91\xa0\xe6\xb5\xb7\xe5\xa4\x96\xe6\xb4\xbe\xe5\x85\xb5\xe3\x81\xae\xe7\xb8\x9b\xe3\x82\x8a\xe3\x81\x8c\xe7\x84\xa1\xe3\x81\x8f\xe3\x81\xaa\xe3\x82\x8b\n\xe2\x91\xa1\xe4\xbb\x8a\xe3\x81\xae\xe8\x87\xaa\xe8\xa1\x9b\xe9\x9a\x8a\xe3\x81\x8c\xe5\xae\x9f\xe8\xb3\xaa\xe4\xb8\x8a\xe3\x80\x81\xe8\xbb\x8d\xe9\x9a\x8a\xe3\x81\xab\xe5\xa4\x89\xe8\xb3\xaa\xe3\x81\x99\xe3\x82\x8b\n\xe2\x91\xa2\xe9\x98\xb2\xe8\xa1\x9b\xe7\x9c\x81\xe3\x81\xae\xe4\xb8\x8b\xe3\x81\xab\xe3\x81\x82\xe3\x81\xa3\xe3\x81\x9f\xe4\xb8\x80\xe8\xa1\x8c\xe6\x94\xbf\xe7\xb5\x84\xe7\xb9\x94\xe3\x81\x8c\xe3\x80\x81\xe5\x86\x85\xe9\x96\xa3\xe3\x82\x84\xe5\x9b\xbd\xe4\xbc\x9a\xe3\x82\x84\xe8\xa3\x81\xe5\x88\xa4\xe6\x89\x80\xe3\x81\xa8\xe4\xb8\xa6\xe3\x81\xb6\xe6\x86\xb2\xe6\xb3\x95\xe6\xa9\x9f\xe9\x96\xa2\xe3\x81\xa8\xe3\x81\xaa\xe3\x82\x8a\xe3\x80\x81\xe7\x89\xb9\xe6\xa8\xa9\xe5\x8c\x96\xe3\x81\x99\xe3\x82\x8b\xe3\x80\x82\xe8\xbb\x8d\xe4\xba\x8b\xe3\x81\x8c\xe9\x9d\x9e\xe5\xb8\xb8\xe3\x81\xab\xe5\xa4\xa7\xe3\x81\x8d\xe3\x81\xaa\xe6\x84\x8f\xe5\x91\xb3\xe3\x82\x92\xe6\x8c\x81\xe3\x81\xa4\xe5\x9b\xbd\xe5\xae\xb6\xe3\x81\xa8\xe2\x80\xa6'
Sun May 12 16:49:50 +0000 2019,b'2qPn83s6IYx4Q6K',b'\xe5\x90\x8d\xe3\x82\x82\xe3\x81\xaa\xe3\x81\x8d\xe6\x97\x85\xe4\xba\xba',b'@zaizen_2ro \xe6\x9d\xb1\xe5\xa4\xa7\xe7\x94\x9f\xe3\x81\xae\xe3\x81\xa4\xe3\x81\xb6\xe3\x82\x84\xe3\x81\x8dw'
Sun May 12 16:49:44 +0000 2019,b'bot98038284',b'\xe5\x8f\x82\xe8\x80\x83\xe6\x9b\xb8\xe6\x9c\x80\xe5\xbc\xb7\xe4\xbc\x9d\xe8\xaa\xacbot',b'\xe6\x9e\x97\xe3\x80\x8c\xef\xbc\x88\xe3\x82\xb3\xe3\x83\xa1\xe3\x83\xb3\xe3\x83\x88\xe8\xaa\xad\xe3\x82\x93\xe3\x81\xa7\xef\xbc\x89\xe6\xbb\x91\xe8\x88\x8c\xe6\xb2\xbb\xe3\x81\x99\xe3\x81\xae\xe3\x81\xa8\xe6\x9d\xb1\xe5\xa4\xa7\xe5\x8f\x97\xe3\x81\x8b\xe3\x82\x8b\xe3\x81\xae\xe3\x81\xa9\xe3\x81\xa3\xe3\x81\xa1\xe3\x81\x8c\xe9\x9b\xa3\xe3\x81\x97\xe3\x81\x84\xef\xbc\x9f\xe3\x81\xa3\xe3\x81\xa6\xe3\x80\x8d\n\xe6\x96\xb0\xe5\xae\xae\xe3\x80\x8c\xe3\x81\x9d\xe3\x82\x8c\xe7\xb5\xb6\xe5\xaf\xbe\xe6\x9d\xb1\xe5\xa4\xa7\xe3\x81\xae\xe6\x96\xb9\xe3\x81\x8c\xe7\xb0\xa1\xe5\x8d\x98\xe3\x81\xa7\xe3\x81\x99\xe3\x82\x88\xef\xbc\x81\xef\xbc\x81\xef\xbc\x81\xe3\x80\x8d'
Sun May 12 16:49:41 +0000 2019,b'oaksnk',b'\xe3\x82\x8c\xe3\x83\xb4\xe3\x81\x83\xe3\x81\x99\xe3\x81\xa8',b'\xe3\x81\x93\xe3\x81\xae\xe9\xa0\xad\xe6\x82\xaa\xe3\x81\x9d\xe3\x81\x86\xe3\x81\xaa\xe3\x82\xa4\xe3\x83\xb3\xe3\x82\xbf\xe3\x83\x93\xe3\x83\xa5\xe3\x83\xbc\xe3\x82\xb9\xe3\x82\xbf\xe3\x82\xa4\xe3\x83\xab\xe3\x81\x8c\xe5\xab\x8c\xe3\x81\x84\xe3\x80\x82\n\n\xe3\x80\x8c\xe5\x9c\xb0\xe6\x96\xb9\xe5\x89\xb5\xe7\x94\x9f\xe3\x82\x92\xe3\x82\x84\xe3\x82\x81\xe3\x81\xa6\xe3\x81\x8f\xe3\x82\x8c\xe3\x81\xa6\xe8\x89\xaf\xe3\x81\x8b\xe3\x81\xa3\xe3\x81\x9f\xe3\x80\x8d\xef\xbc\x81\xef\xbc\x9f\xe3\x80\x90\xe6\x9d\xb1\xe5\xa4\xa7\xe6\xb3\x95\xe5\xad\xa6\xe9\x83\xa8\xe6\x95\x99\xe6\x8e\x88\xe3\x82\x92\xe6\x8e\xa8\xe8\x96\xa6\xe7\x94\x9f\xe3\x81\x8c\xe7\x9b\xb4\xe6\x92\x83\xe3\x80\x91 https://t.co/TkQTqPiVNz @UmeeT_media\xe3\x81\x8b\xe3\x82\x89'
Sun May 12 16:49:40 +0000 2019,b'pubgdonkatu',b'momijin',b'\xe3\x80\x90\xe5\xbe\x8c\xe7\xb7\xa8\xe3\x80\x91\xe3\x80\x90\xe8\x8d\x92\xe9\x87\x8e\xe8\xa1\x8c\xe5\x8b\x95\xe3\x80\x91\xe6\x9d\xb1\xe5\xa4\xa7\xe7\x94\x9f\xe3\x81\xa8\xe3\x83\x89\xe3\x83\xb3\xe5\x8b\x9d\xe3\x81\x97\xe3\x81\x9f\xe3\x82\x89\xe9\x9d\xa2\xe7\x99\xbd\xe3\x81\x8b\xe3\x81\xa3\xe3\x81\x9f\xef\xbc\x81\xe3\x83\x95\xe3\x82\xa1\xe3\x82\xa4\xe3\x83\xab\xef\xbc\x81 https://t.co/qjNHbS6qun'
Sun May 12 16:48:51 +0000 2019,b'Keiouniv_kuso',b'\xe6\x85\xb6\xe6\x87\x89\xe3\x82\xaf\xe3\x82\xbdbot',b'\xe6\x9d\xb1\xe5\xa4\xa7\xe7\x94\x9f\n\xe3\x80\x8c\xe3\x83\xa4\xe3\x83\x90\xe3\x82\xa4\xe3\x80\x81\xe5\x8b\x89\xe5\xbc\xb7\xe3\x81\x97\xe3\x81\xa6\xe3\x81\xaa\xe3\x81\x84\xe3\x82\x8fw\xe3\x80\x8d\xe2\x86\x92\xe5\x8b\x89\xe5\xbc\xb7\xe3\x81\x97\xe3\x81\xa6\xe3\x82\x8b\n\xe4\xba\xac\xe5\xa4\xa7\xe7\x94\x9f\n\xe3\x80\x8c\xe3\x83\xa4\xe3\x83\x90\xe3\x82\xa4\xe3\x80\x81\xe5\x8b\x89\xe5\xbc\xb7\xe3\x81\x97\xe3\x81\xa6\xe3\x81\xaa\xe3\x81\x84\xe3\x82\x8fw\xe3\x80\x8d\xe2\x86\x92\xe5\x8b\x89\xe5\xbc\xb7\xe3\x81\x97\xe3\x81\xa6\xe3\x81\xaa\xe3\x81\x84\n\xe6\x85\xb6\xe6\x87\x89\xe7\x94\x9f\n\xe3\x80\x8c\xe5\x8b\x89\xe5\xbc\xb7\xe3\x81\x97\xe3\x81\x9f\xe3\x82\x8f\xe3\x80\x9c\xe3\x80\x8d\xe2\x86\x92\xe5\x8b\x89\xe5\xbc\xb7\xe3\x81\x97\xe3\x81\xa6\xe3\x81\xaa\xe3\x81\x84\n\xe6\x97\xa9\xe5\xa4\xa7\xe7\x94\x9f\n\xe3\x80\x8c\xe5\x8b\x89\xe5\xbc\xb7\xe3\x81\x97\xe3\x81\x9f\xe3\x82\x8f\xe3\x80\x9c\xe3\x80\x8d\xe2\x86\x92\xe5\x8b\x89\xe5\xbc\xb7\xe3\x81\x97\xe3\x81\xa6\xe3\x82\x8b'
Sun May 12 16:48:39 +0000 2019,b'etoystk',b'370hy05h174k4',b'RT @smasuda: \xe3\x80\x8c\xe5\x9c\xb0\xe6\x96\xb9\xe5\x89\xb5\xe7\x94\x9f\xe3\x82\x92\xe3\x82\x84\xe3\x82\x81\xe3\x81\xa6\xe3\x81\x8f\xe3\x82\x8c\xe3\x81\xa6\xe8\x89\xaf\xe3\x81\x8b\xe3\x81\xa3\xe3\x81\x9f\xe3\x80\x8d\xef\xbc\x81\xef\xbc\x9f\xe3\x80\x90\xe6\x9d\xb1\xe5\xa4\xa7\xe6\xb3\x95\xe5\xad\xa6\xe9\x83\xa8\xe6\x95\x99\xe6\x8e\x88\xe3\x82\x92\xe6\x8e\xa8\xe8\x96\xa6\xe7\x94\x9f\xe3\x81\x8c\xe7\x9b\xb4\xe6\x92\x83\xe3\x80\x91 https://t.co/GD9nqIxu4Y \xe5\x85\xa8\xe7\xb7\xa8\xe6\xad\xa3\xe5\xba\xa7\xe3\x81\x97\xe3\x81\xa6\xe5\xbf\x85\xe8\xaa\xad\xe3\x81\xa7\xe3\x81\x82\xe3\x82\x8b\xe3\x80\x82\xe5\xad\xa6\xe8\x80\x85\xe3\x81\x9f\xe3\x82\x8b\xe3\x82\x82\xe3\x81\xae\xe3\x81\x8b\xe3\x81\x8f\xe3\x81\x82\xe3\x82\x8a\xe3\x81\x9f\xe3\x81\x84'
Sun May 12 16:48:13 +0000 2019,b'_tamacat13',b'TAKAKI',b'RT @smasuda: \xe3\x80\x8c\xe5\x9c\xb0\xe6\x96\xb9\xe5\x89\xb5\xe7\x94\x9f\xe3\x82\x92\xe3\x82\x84\xe3\x82\x81\xe3\x81\xa6\xe3\x81\x8f\xe3\x82\x8c\xe3\x81\xa6\xe8\x89\xaf\xe3\x81\x8b\xe3\x81\xa3\xe3\x81\x9f\xe3\x80\x8d\xef\xbc\x81\xef\xbc\x9f\xe3\x80\x90\xe6\x9d\xb1\xe5\xa4\xa7\xe6\xb3\x95\xe5\xad\xa6\xe9\x83\xa8\xe6\x95\x99\xe6\x8e\x88\xe3\x82\x92\xe6\x8e\xa8\xe8\x96\xa6\xe7\x94\x9f\xe3\x81\x8c\xe7\x9b\xb4\xe6\x92\x83\xe3\x80\x91 https://t.co/GD9nqIxu4Y \xe5\x85\xa8\xe7\xb7\xa8\xe6\xad\xa3\xe5\xba\xa7\xe3\x81\x97\xe3\x81\xa6\xe5\xbf\x85\xe8\xaa\xad\xe3\x81\xa7\xe3\x81\x82\xe3\x82\x8b\xe3\x80\x82\xe5\xad\xa6\xe8\x80\x85\xe3\x81\x9f\xe3\x82\x8b\xe3\x82\x82\xe3\x81\xae\xe3\x81\x8b\xe3\x81\x8f\xe3\x81\x82\xe3\x82\x8a\xe3\x81\x9f\xe3\x81\x84'
Sun May 12 16:47:59 +0000 2019,b'sacipere',b'\xe3\x81\x95\xe3\x81\x97\xe3\x81\xba\xe3\x82\x8c',b'\xe4\xba\xac\xe5\xa4\xa7\xe3\x81\x8b\xe6\x9d\xb1\xe5\xa4\xa7\xe3\x81\x9c\xe3\x81\xa3\xe3\x81\x9f\xe3\x81\x84\xe5\xb1\x85\xe3\x82\x8b\xe3\x81\xae\xe3\x82\x88\xe3\x81\xad\xe3\x80\x81\xe9\x83\xbd\xe9\x8a\x80\xe3\x81\xae\xe3\x82\xb7\xe3\x82\xb9\xe3\x83\x86\xe3\x83\xa0\xe9\x83\xa8\xe9\x96\x80\xe3\x81\xae\xe3\x82\xad\xe3\x83\xbc\xe3\x83\x9e\xe3\x83\xb3\xe3\x81\xa3\xe3\x81\xa6\xe2\x80\xa6'
Sun May 12 16:47:39 +0000 2019,b'jVpgWDAbBkpWAoX',b'\xe3\x83\xa1\xe3\x82\xa4',b'@BZM10005 \xe3\x81\xbe\xe3\x81\x82\xe3\x80\x81\xe3\x81\x82\xe3\x81\xae\xe2\x97\x8b\xe9\x80\xb2\xe3\x82\x82\xe3\x81\x9d\xe3\x81\x86\xe3\x81\xa7\xe3\x81\x99\xe3\x81\x8c\n\xe3\x81\x91\xe3\x81\xa3\xe3\x81\x8d\xe3\x82\x87\xe3\x81\x8f\xe7\x84\xa1\xe6\x96\x99\xe6\xa8\xa1\xe8\xa9\xa6\xe3\x81\xa7\xe5\xa1\xbe\xe5\x90\x8d\xe6\x9b\xb8\xe3\x81\x8b\xe3\x81\x9b\n\xe7\xb5\x90\xe6\x9e\x9c\xe8\x89\xaf\xe3\x81\x91\xe3\x82\x8c\xe3\x81\xb0\xe7\x84\xa1\xe6\x96\x99\xe6\x8b\x9b\xe5\xbe\x85\n\n\xe3\x81\x9d\xe3\x82\x8c\xe3\x81\xa7\xe3\x80\x81\xe3\x81\xaf\xe3\x81\x84\xef\xbc\x81\xe6\x9d\xb1\xe5\xa4\xa7\xe5\x90\x88\xe6\xa0\xbc1\xef\xbc\x81\n\xe3\x81\xa7\xe3\x81\x99\xe3\x81\x8b\xe3\x82\x89\xe3\x81\xad\n\n\xe9\xa7\xbf\xe2\x97\x8b\xe3\x82\x82\xe6\xa8\xa1\xe8\xa9\xa6\xe3\x81\xae\xe7\xb5\x90\xe6\x9e\x9c\xe3\x81\xa7\n\xe6\x8b\x9b\xe5\xbe\x85\xe3\x81\x97\xe3\x81\xbe\xe3\x81\x99\xe3\x81\x97\n\n\xe3\x81\x91\xe3\x81\xa3\xe3\x81\x8d\xe3\x82\x87\xe3\x81\x8f\xe5\x84\xaa\xe7\xa7\x80\xe3\x81\xaa\xe5\xad\x90\xe3\x81\xaf\xe6\x9b\xb4\xe3\x81\xab\xe5\x84\xaa\xe7\xa7\x80\xe3\x81\xab\n\xe3\x81\xaa\xe3\x82\x8b\xe3\x81\xa8\xe8\xa8\x80\xe3\x81\x86\xe3\x82\xb7\xe3\x82\xb9\xe3\x83\x86\xe2\x80\xa6 https://t.co/disNhuAWWA'
Sun May 12 16:47:30 +0000 2019,b'Pico_alon',b'\xe3\x82\xab\xe3\x82\xba',b'RT @AWBKMN: \xe6\x99\x8b\xe4\xb8\x89\xe3\x80\x81\xe3\x81\xaa\xe3\x81\x82\xe6\x99\x8b\xe4\xb8\x89\n\xe3\x81\x8a\xe5\x89\x8d\xe3\x80\x81\xe6\x9c\xac\xe5\xbd\x93\xe3\x81\xaf\xe6\x9d\xb1\xe5\xa4\xa7\xe3\x82\xb3\xe3\x83\xb3\xe3\x83\x97\xe3\x81\xaa\xe3\x82\x93\xe3\x81\xa0\xe3\x82\x8d\xef\xbc\x9f\xe6\x9d\xb1\xe5\xa4\xa7\xe3\x81\xab\xe5\x85\xa5\xe3\x82\x8a\xe3\x81\x9f\xe3\x81\x8b\xe3\x81\xa3\xe3\x81\x9f\xe3\x82\x93\xe3\x81\xa0\xe3\x82\x88\xe3\x81\xaa\xef\xbc\x9f\n\xe3\x81\x8a\xe5\x89\x8d\xe3\x81\xae\xe5\xae\xb6\xe6\x97\x8f\xe3\x82\x82\xe3\x80\x81\xe4\xb8\x80\xe7\xb7\x92\xe3\x81\xab\xe4\xbb\x95\xe4\xba\x8b\xe3\x81\x97\xe3\x81\xa6\xe3\x81\x8d\xe3\x81\x9f\xe4\xba\xba\xe3\x81\x9f\xe3\x81\xa1\xe3\x82\x82\xe3\x81\xbf\xe3\x82\x93\xe3\x81\xaa\xe6\x9d\xb1\xe5\xa4\xa7\xe5\x87\xba\xe8\xba\xab\xe3\x81\xa0\xe3\x82\x82\xe3\x82\x93\xe3\x81\xaa\n\xe3\x81\x9d\xe3\x81\xae\xe3\x82\xb3\xe3\x83\xb3\xe3\x83\x97\xe3\x82\x92\xe6\x89\x95\xe6\x8b\xad\xe3\x81\x99\xe3\x82\x8b\xe3\x81\x9f\xe3\x82\x81\xe3\x81\xab\xe4\xbb\x8a\xe3\x81\xbe\xe3\x81\xa7\xe9\xa0\x91\xe5\xbc\xb5\xe3\x81\xa3\xe3\x81\xa6\xe3\x81\x8d\xe3\x81\x9f\xe3\x82\x93\xe3\x81\xa0\xe3\x82\x8d\xef\xbc\x9f\n\xe4\xbf\xba\xe3\x81\xaf\xe3\x81\x9d\xe3\x81\xae\xe3\x82\xb3\xe3\x83\xb3\xe3\x83\x97\xe3\x82\x92\xe6\xa0\xb9\xe6\x9c\xac\xe3\x81\x8b\xe3\x82\x89\xe8\xa7\xa3\xe6\xb1\xba\xe3\x81\x99\xe3\x82\x8b\xe6\x96\xb9\xe6\xb3\x95\xe3\x82\x92\xe7\x9f\xa5\xe3\x81\xa3\xe3\x81\xa6\xe3\x82\x8b\n\xe6\x99\x8b\xe4\xb8\x89\xe3\x80\x81\xe4\xb8\x80\xe7\xb7\x92\xe2\x80\xa6'
Sun May 12 16:47:26 +0000 2019,b'natjatagp',b'\xe3\x82\xa4\xe3\x82\xad\xe3\x83\xaa\xe6\xb5\xaa\xe4\xba\xba\xe7\x94\x9f\xe5\x90\x8d\xe8\xa8\x80bot',b'\xe3\x80\x8c\xe6\xb5\xaa\xe4\xba\xba\xe7\x94\x9f\xe3\x81\xae\xe3\x81\x8f\xe3\x81\x9b\xe3\x81\xab\xe3\x82\xa4\xe3\x82\xad\xe3\x83\xaa\xe3\x82\x84\xe3\x81\x8c\xe3\x81\xa3\xe3\x81\xa6\xe3\x80\x8d\xe3\x81\xa3\xe3\x81\xa6\xe3\x82\xb3\xe3\x83\xa1\xe3\x83\xb3\xe3\x83\x88\xe3\x81\x8c\xe6\xaf\x8e\xe6\x97\xa5\xe3\x81\xae\xe3\x82\x88\xe3\x81\x86\xe3\x81\xab\xe6\x9d\xa5\xe3\x82\x8b\xe3\x81\x91\xe3\x81\xa9\xe3\x80\x81\xe3\x81\x9d\xe3\x82\x8c\xe3\x81\xa0\xe3\x81\x91\xe5\x90\x88\xe6\xa0\xbc\xe3\x81\xae\xe8\x87\xaa\xe4\xbf\xa1\xe3\x81\x8c\xe3\x81\x82\xe3\x82\x8b\xe3\x81\x8b\xe3\x82\x89\xe3\x82\x8f\xe3\x81\x96\xe3\x81\xa8\xe3\x82\xa4\xe3\x82\xad\xe3\x81\xa3\xe3\x81\xa6\xe3\x82\x8b\xe3\x81\xab\xe9\x81\x8e\xe3\x81\x8e\xe3\x81\xaa\xe3\x81\x84\xe3\x81\xae\xe3\x81\xab\n\xe3\x81\x9f\xe3\x81\xa0\xe3\x80\x8c\xe6\x9d\xb1\xe5\xa4\xa7\xe7\x94\x9f\xe3\x81\xae\xe8\x82\xa9\xe6\x9b\xb8\xe3\x81\x8d\xe3\x80\x8d\xe3\x81\x8c\xe6\xac\xb2\xe3\x81\x97\xe3\x81\x84\xe3\x81\xa0\xe3\x81\x91\xe3\x81\xaa\xe3\x81\xae\xe3\x81\xa0\xe3\x81\x8b\xe3\x82\x89\xe3\x80\x81\xe4\xbb\x8a\xe3\x81\xae\xe3\x81\x86\xe3\x81\xa1\xe3\x81\xab\xe3\x82\xa4\xe3\x82\xad\xe3\x81\xa3\xe3\x81\xa6\xe3\x81\x8a\xe3\x81\x8b\xe3\x81\xaa\xe3\x81\x84\xe3\x81\xa8\xe3\x81\xad\xef\xbc\x81\n\xe3\x82\x82\xe3\x81\x86\xe5\x8f\x97\xe3\x81\x8b\xe3\x81\xa3\xe3\x81\xa1\xe3\x82\x83\xe3\x81\xa3\xe3\x81\x8b\xe3\x82\x89\xe6\x9d\xb1\xe5\xa4\xa7\xe3\x81\xab\xe3\x81\xaf\xe7\x94\xa8\xe6\xb8\x88\xe3\x81\xbf\xe3\x81\xa0\xe3\x81\x97\n\xe6\x9d\xb1\xe5\xa4\xa7\xe3\x81\xaf\xe3\x81\x9f\xe3\x81\xa0\xe3\x81\xae\xe3\x80\x8c\xe5\xad\xa6\xe6\xad\xb4\xe7\x99\xba\xe8\xa1\x8c\xe3\x83\x9e\xe3\x82\xb7\xe3\x83\xbc\xe3\x83\xb3\xe3\x80\x8d'
Sun May 12 16:46:57 +0000 2019,b'002mentaiko',b'\xe3\x82\x81\xe3\x82\x93\xe3\x81\x9f\xe3\x81\x84\xe5\xad\x90',b'@2mQbAW1wsvgcWQ7 \xe6\x97\xa9\xe7\xa8\xb2\xe7\x94\xb0\xe5\x8f\x97\xe3\x81\x8b\xe3\x81\xa3\xe3\x81\x9f\xe3\x81\xae\xe6\x9d\xb1\xe5\xa4\xa7\xe5\xbf\x97\xe6\x9c\x9b\xe3\x81\xae\xe6\xbb\x91\xe3\x82\x8a\xe6\xad\xa2\xe3\x82\x81\xe3\x81\xa0\xe3\x81\x9e\xe3\x80\x81\xe4\xb8\x80\xe5\xbf\x9c\xe5\xae\x9f\xe7\xb8\xbe\xe3\x81\xab\xe3\x81\xaf\xe3\x81\xae\xe3\x81\x9b\xe3\x81\xa6\xe3\x82\x8b\xe3\x81\x8c'
Sun May 12 16:46:54 +0000 2019,b'rei_regza',b'\xe3\x83\xac\xe3\x82\xa4 \xe5\x8d\x97\xe6\x96\x97\xe6\xb0\xb4\xe9\xb3\xa5\xe6\x8b\xb3',b'@YUKI_Nbot \xe6\x9d\xb1\xe5\xa4\xa7\xe5\x8f\x97\xe9\xa8\x93\xe7\x94\x9f\xe3\x81\xa8\xe8\xa8\x80\xe3\x81\x86\xe3\x81\xa0\xe3\x81\x91\xe3\x81\xa7\xe3\x80\x81\xe3\x81\x9d\xe3\x81\x93\xe3\x82\x89\xe4\xb8\xad\xe3\x81\xab\xe5\x96\xa7\xe5\x98\xa9\xe3\x82\x92\xe5\xa3\xb2\xe3\x82\x8b\xe3\x81\x97\xe3\x80\x81\xe8\xaa\xb9\xe8\xac\x97\xe4\xb8\xad\xe5\x82\xb7\xe3\x82\x92\xe6\x9b\xb8\xe3\x81\x8d\xe6\x95\xa3\xe3\x82\x89\xe3\x81\x99\xe3\x81\x97\xe3\x81\xa7\xe3\x80\x81\xe7\x9f\xa5\xe3\x81\xa3\xe3\x81\xa6\xe3\x82\x8b\xe4\xba\xba\xe3\x81\xaf\xe7\x9f\xa5\xe3\x81\xa3\xe3\x81\xa6\xe3\x81\x84\xe3\x82\x8b\xe3\x81\x8b\xe3\x82\x89\xe3\x80\x81\xe3\x81\xbe\xe3\x81\xa8\xe3\x82\x82\xe3\x81\xab\xe8\xaa\xb0\xe3\x82\x82\xe7\x9b\xb8\xe6\x89\x8b\xe3\x81\x97\xe3\x81\xa6\xe3\x81\x84\xe3\x81\xaa\xe3\x81\x84\xe3\x81\xae\xe3\x81\x8c\xe5\xae\x9f\xe9\x9a\x9b\xe3\x80\x82\xe3\x81\x84\xe3\x81\xbe\xe3\x81\xa0\xe3\x81\xab\xe4\xbb\x96\xe4\xba\xba\xe3\x81\x8c\xe8\x87\xaa\xe5\x88\x86\xe3\x82\x92\xe7\xbe\xa8\xe3\x81\xbe\xe3\x81\x97\xe3\x81\x84\xe3\x81\xa8\xe6\x80\x9d\xe3\x81\xa3\xe3\x81\xa6\xe3\x81\x84\xe3\x82\x8b\xe3\x81\xa8\xe6\x80\x9d\xe3\x81\xa3\xe3\x81\xa6\xe3\x81\x84\xe3\x82\x8b\xe3\x81\x8b\xe3\x82\x89\xef\xbc\x88\xe7\xac\x91\xef\xbc\x89\xe3\x80\x82\xe3\x81\xbe\xe3\x81\xa8\xe3\x82\x82\xe3\x81\xa7\xe3\x81\xaf\xe3\x81\xaa\xe3\x81\x84\xe3\x82\x88\xe3\x80\x82'
Sun May 12 16:46:52 +0000 2019,b'sacipere',b'\xe3\x81\x95\xe3\x81\x97\xe3\x81\xba\xe3\x82\x8c',b'\xe3\x82\x82\xe3\x81\xa3\xe3\x81\xa8\xe8\xb3\xa2\xe3\x81\x8f\xe4\xbd\x9c\xe3\x81\xa3\xe3\x81\xa6\xe3\x81\x8a\xe3\x81\x84\xe3\x81\xa6\xe3\x81\x8f\xe3\x82\x8c\xe3\x80\x81\xe3\x81\xa8\xe3\x81\x84\xe3\x81\x86\xe3\x81\xae\xe3\x81\xaf\xe3\x81\x8a\xe3\x81\xa3\xe3\x81\x95\xe3\x82\x93\xe3\x82\x82\xe3\x82\x82\xe3\x81\x86\xe3\x81\xbf\xe3\x81\x9a\xe3\x81\xbd\xe3\x81\xae\xe6\x99\x82\xe3\x81\xab\xe6\x80\x9d\xe3\x81\x84\xe7\x9f\xa5\xe3\x81\xa3\xe3\x81\x9f\xe3\x81\xad\xe3\x80\x82\xe3\x81\x8a\xe5\xae\xa2\xe3\x81\x8c\xe6\x9d\xb1\xe5\xa4\xa7\xe4\xb8\xbb\xe5\xb8\xad\xe3\x81\xa8\xe3\x81\x8b\xe3\x80\x81\xe3\x81\xa1\xe3\x82\x87\xe3\x81\xa3\xe3\x81\xa8\xe3\x82\xb2\xe3\x83\xbc\xe3\x83\xa0\xe3\x83\x90\xe3\x83\xa9\xe3\x83\xb3\xe3\x82\xb9\xe6\x82\xaa\xe3\x81\x99\xe3\x81\x8e\xe3\x81\xa3\xe3\x81\xa6\xe3\x81\x84\xe3\x81\x86\xe3\x81\x8b\xe3\x80\x82'
Sun May 12 16:46:42 +0000 2019,b'yasu1OO4',b'\xe3\x82\x84\xe3\x81\x99',b'\xe6\x95\xb0\xe5\xad\xa6\xe3\x81\xa8\xe7\x89\xa9\xe7\x90\x86\xe3\x81\x8c\xe5\xa4\xa9\xe6\x89\x8d\xe3\x83\xac\xe3\x83\x99\xe3\x83\xab\xe3\x81\xa7\xe3\x81\xa7\xe3\x81\x8d\xe3\x82\x8b\xe3\x81\xae\xe3\x81\xaa\xe3\x82\x89\xe6\x9d\xb1\xe5\xa4\xa7\xe5\x8c\xbb\xe3\x81\x8b\xe6\x9c\x80\xe4\xbd\x8e\xe3\x81\xa7\xe3\x82\x82\xe5\xae\xae\xe5\xbb\xb7\xe5\x8c\xbb\xe3\x81\xab\xe8\xa1\x8c\xe3\x81\x8f\xe3\x81\xa8\xe6\x80\x9d\xe3\x81\x86\xe3\x81\xae\xe3\x81\xa7\xe3\x80\x81\xe5\xbf\x83\xe9\x85\x8d\xe3\x81\x97\xe3\x81\xaa\xe3\x81\x8f\xe3\x81\xa6\xe3\x82\x82\xe5\x8c\xbb\xe5\xad\xa6\xe7\x95\x8c\xe3\x81\xae\xe7\xa0\x94\xe7\xa9\xb6\xe8\x80\x85\xe3\x81\xab\xe3\x81\xaa\xe3\x81\xa3\xe3\x81\xa6\xe3\x81\x9d\xe3\x81\x86'
Sun May 12 16:46:25 +0000 2019,b'8n3IjDGYRSTc5GC',b'\xe3\x81\x82\xe3\x81\xa4',b'RT @maskedanl: NHK\xe3\x81\xa7\xe3\x80\x8c\xe3\x82\xb9\xe3\x83\x9e\xe3\x83\x9b\xe3\x82\x92\xe4\xbd\xbf\xe3\x81\xa3\xe3\x81\xa6\xe3\x82\xbb\xe3\x83\xb3\xe3\x82\xbf\xe3\x83\xbc\xe8\xa9\xa6\xe9\xa8\x93\xe3\x82\x92\xe3\x82\xab\xe3\x83\xb3\xe3\x83\x8b\xe3\x83\xb3\xe3\x82\xb0\xe3\x81\x99\xe3\x82\x8c\xe3\x81\xb0\xe3\x80\x81\xe5\xad\xa6\xe5\x8a\x9b\xe3\x81\x9d\xe3\x81\x93\xe3\x81\x9d\xe3\x81\x93\xe3\x81\xaa\xe5\xa5\xb3\xe5\xad\x90\xe9\xab\x98\xe7\x94\x9f\xe3\x81\xa7\xe3\x82\x82\xe6\x9d\xb1\xe5\xa4\xa7\xe5\x90\x88\xe6\xa0\xbc\xe3\x81\xa7\xe3\x81\x8d\xe3\x82\x8b\xe3\x81\xae\xef\xbc\x9f\xe3\x80\x8d\xe3\x81\xa8\xe3\x81\x84\xe3\x81\x86\xe4\xbc\x81\xe7\x94\xbb\xe3\x82\x84\xe3\x81\xa3\xe3\x81\xa6\xe3\x81\x9f\xe3\x81\x91\xe3\x81\xa9\xe3\x80\x811\xe4\xba\xba\xe3\x81\xaf\xe3\x82\xa2\xe3\x83\x97\xe3\x83\xaa\xe3\x82\x92\xe9\xa7\x86\xe4\xbd\xbf\xe3\x81\x97\xe3\x81\xa6\xe5\x90\x88\xe6\xa0\xbc\xe3\x83\xa9\xe3\x82\xa4\xe3\x83\xb3\xe6\x89\x8b\xe5\x89\x8d\xe3\x81\x90\xe3\x82\x89\xe3\x81\x84\xe3\x81\xbe\xe3\x81\xa7\xe7\x82\xb9\xe6\x95\xb0\xe3\x81\xa8\xe3\x81\xa3\xe3\x81\xa6\xe3\x81\x9f\xe3\x80\x82\n\xe5\xad\xa6\xe5\x8a\x9b\xe3\x81\xa8\xe3\x81\x84\xe3\x81\x86\xe3\x81\xae\xe3\x81\xaf\xe4\xb8\x80\xe4\xbd\x93\xe4\xbd\x95\xe3\x81\xaa\xe3\x81\xae\xe3\x81\x8b\xe3\x80\x81\xe8\x89\xb2\xe3\x80\x85\xe3\x81\xa8\xe8\x80\x83\xe3\x81\x88\xe3\x81\x95\xe3\x81\x9b\xe3\x82\x89\xe3\x82\x8c\xe3\x82\x8b\xe3\x80\x82\n\xe3\x82\x82\xe3\x81\xa3\xe3\x81\xa8\xe3\x82\x82\xe2\x80\xa6'
Sun May 12 16:46:19 +0000 2019,b'ti1972',b'\xe3\x81\x84\xe3\x81\xbe\xe3\x81\x84\xe3\x81\xa3\xe3\x81\xa1',b'\xe6\x9d\xb1\xe5\xa4\xa7\xe5\x8f\x97\xe9\xa8\x93\xe5\xbf\x85\xe8\xaa\xad\xe3\x80\x81\xe6\x95\xb0\xe5\xad\xa6\xe8\x80\x85\xe3\x83\xbb\xe5\xbf\x97\xe6\x9d\x91\xe4\xba\x94\xe9\x83\x8e\xe3\x81\xae\xe9\x81\xba\xe3\x81\x97\xe3\x81\x9f\xe8\xa8\x80\xe8\x91\x89\xef\xbc\x88JBpress\xef\xbc\x89 - Yahoo!\xe3\x83\x8b\xe3\x83\xa5\xe3\x83\xbc\xe3\x82\xb9 https://t.co/R7LZMXJewn'
Sun May 12 16:46:01 +0000 2019,b'Kelangdbn',b'Spica',b'\xe6\x9d\xb1\xe5\xa4\xa7\xe6\x96\x87\xe7\xb3\xbb\xe3\x81\xaf\xe3\x81\x8a\xe9\x87\x91\xe3\x81\x95\xe3\x81\x88\xe3\x81\x8b\xe3\x81\x91\xe3\x82\x8c\xe3\x81\xb0\xe4\xb8\xad\xe3\x81\xae\xe4\xb8\x8a\xe7\xa8\x8b\xe5\xba\xa6\xe3\x81\xae\xe9\xa0\xad\xe3\x81\xa7\xe5\x85\xa5\xe3\x82\x8c\xe3\x82\x8b\xe3\x80\x82\xe6\x9d\xb1\xe5\xa4\xa7\xe3\x81\x8c\xe4\xbd\x95\xe6\x95\x85\xe5\x85\x88\xe5\xa4\xa9\xe7\x9a\x84\xe7\x9f\xa5\xe8\x83\xbd\xe3\x81\x8c\xe5\x8f\x8d\xe6\x98\xa0\xe3\x81\x95\xe3\x82\x8c\xe9\x9b\xa3\xe3\x81\x84\xe5\x87\xba\xe9\xa1\x8c\xe3\x81\xab\xe3\x81\x97\xe3\x81\xa6\xe3\x81\x84\xe3\x82\x8b\xe3\x81\xae\xe3\x81\x8b\xe3\x81\xaf\xe8\xac\x8e\xe3\x81\xa7\xe3\x81\x82\xe3\x82\x8b\xe3\x80\x82\xe3\x81\x8a\xe3\x81\x9d\xe3\x82\x89\xe3\x81\x8f\xe9\xa0\xad\xe3\x81\xae\xe8\x89\xaf\xe3\x81\x95\xe3\x82\x88\xe3\x82\x8a\xe5\x8b\xa4\xe5\x8b\x89\xe3\x81\x95\xe3\x82\x84\xe9\xa6\xac\xe5\x8a\x9b\xe3\x81\x8c\xe3\x81\x82\xe3\x82\x8b\xe5\xad\xa6\xe7\x94\x9f\xe3\x82\x92\xe5\xa5\xbd\xe3\x82\x80\xe3\x82\x93\xe3\x81\xa7\xe3\x81\x84\xe3\x82\x8b\xe3\x81\xae\xe3\x81\xa0\xe3\x82\x8d\xe3\x81\x86\xe3\x81\x8c\xe7\xb5\x90\xe6\x9e\x9c\xe7\x9a\x84\xe3\x81\xab\xe7\xb5\x8c\xe6\xb8\x88\xe5\x8a\x9b\xe3\x81\xae\xe3\x82\xbb\xe3\x83\xac\xe3\x82\xaf\xe3\x82\xb7\xe3\x83\xa7\xe3\x83\xb3\xe3\x81\xab\xe3\x81\xaa\xe3\x81\xa3\xe3\x81\xa6\xe3\x81\x84\xe3\x82\x8b\xe3\x80\x82 https://t.co/4CHlQKpWXO'
Sun May 12 16:45:48 +0000 2019,b'TopUniv_data_JP',b'\xe4\xb8\x80\xe6\xb5\x81\xe5\xa4\xa7\xe5\xad\xa6\xe3\x81\xae\xe3\x83\x87\xe3\x83\xbc\xe3\x82\xbf\xe6\xaf\x94\xe8\xbc\x83',b'CWUR\xe4\xb8\x96\xe7\x95\x8c\xe5\xa4\xa7\xe5\xad\xa6\xe3\x83\xa9\xe3\x83\xb3\xe3\x82\xad\xe3\x83\xb3\xe3\x82\xb0 2017\nhttps://t.co/dq56dPG8WD\n\n1 \xe3\x83\x8f\xe3\x83\xbc\xe3\x83\x90\xe3\x83\xbc\xe3\x83\x89\n2 \xe3\x82\xb9\xe3\x82\xbf\xe3\x83\xb3\xe3\x83\x95\xe3\x82\xa9\xe3\x83\xbc\xe3\x83\x89\n3 MIT\n13 \xe6\x9d\xb1\xe5\xa4\xa7\xe2\x97\x8e \xe3\x82\xa2\xe3\x82\xb8\xe3\x82\xa21\xe4\xbd\x8d\n21 \xe4\xba\xac\xe5\xa4\xa7\xe2\x97\x8e \xe3\x82\xa2\xe3\x82\xb8\xe3\x82\xa22\xe4\xbd\x8d\n23 \xe3\x82\xbd\xe3\x82\xa6\xe3\x83\xab\xe5\xa4\xa7\xe2\x98\x86 \xe3\x82\xa2\xe3\x82\xb8\xe3\x82\xa23\xe4\xbd\x8d'
datetime,id,name,text
Sun May 12 15:38:51 +0000 2019,deathischou,💀death is 腸💀,"最近来場者増えてません？
https://t.co/axcISNNmsn"
Sun May 12 15:01:23 +0000 2019,Asakoto1849,askt@Hapiele won't let me rest,"次イベというキーワードがないと広がんないのかな…（？
So the poll won't spread if the keyword ""next event"" isn't in it, is it?"
Sun May 12 14:26:07 +0000 2019,kav_jikkouiin,京都アートビレッジ　5月26日 第92回,"RT @_reakku: ✨Newステッカー✨

『とまんさん @toman_rock 』

ゾンビガーーール🧟‍♀️

とまんさんと言えば🧟‍♂️何てイメージを持ってる方も多いのでは⁉️

又もや可愛いゾンビちゃんが登場です❣️

注※可愛くてもご用心を🙅‍♀️

ステッカー…"
Sun May 12 14:15:15 +0000 2019,conan_quiz,【非公式】名探偵コナンクイズbot,【Code】次のKeyword ○に入る人物は誰？　 「○ 沢木 宍戸 旭」 #conan_quiz
Sun May 12 14:00:43 +0000 2019,digicafe,秘密の出会いは裏デジで♡,"HIT中⭕️のワード【アニメ】のデジログをチェックしてみませんか⁉️
覗いてみる➡️ https://t.co/iShpxSdyHl 

#アニメ #アニヲタ #漫画好き #アニメ好き #同人誌 #彼女募集中 #アニコス"
Sun May 12 13:39:12 +0000 2019,atmt7590,atmt7590,RT @EDUPEDIA_web: 【特集企画】「病室と教室をつなぐ－もしクラスの子どもが入院したら？－」https://t.co/sMSBTNZb8J クラスの子どもが入院することになったとき、治療を終えて戻ってくるとき、彼らが必要としていることとはなんでしょうか。先生、あな…
Sun May 12 13:35:08 +0000 2019,kuso_yafuoku,ナカムラミノリ≠雌,"RT @afoc_official: 🎉全公演チケット販売中🎉

a flood of circle
Tour CENTER OF THE EARTH
〜アーユーハイテンション？〜

ぴあ https://t.co/M7wPA4fWm5
ローチケ https://t.co/fm…"
Sun May 12 13:34:57 +0000 2019,ssaarraa_1227,さくらい,"RT @afoc_official: 🎉全公演チケット販売中🎉

a flood of circle
Tour CENTER OF THE EARTH
〜アーユーハイテンション？〜

ぴあ https://t.co/M7wPA4fWm5
ローチケ https://t.co/fm…"
Sun May 12 13:33:58 +0000 2019,afoc_official,a flood of circle 公式,"🎉全公演チケット販売中🎉

a flood of circle
Tour CENTER OF THE EARTH
〜アーユーハイテンション？〜

ぴあ https://t.co/M7wPA4fWm5
ローチケ… https://t.co/PbDZ0JNyWL"
Sun May 12 13:30:43 +0000 2019,EDUPEDIA_web,EDUPEDIA〜先生のための教育事典〜,【特集企画】「病室と教室をつなぐ－もしクラスの子どもが入院したら？－」https://t.co/sMSBTNZb8J クラスの子どもが入院することになったとき、治療を終えて戻ってくるとき、彼らが必要としていることとはなんでしょうか… https://t.co/wHIXSMmljV
Sun May 12 13:26:57 +0000 2019,cps_mona,もなか💜6/30名古屋クリマ🧁,"RT @_reakku: ✨Newステッカー✨

『とまんさん @toman_rock 』

ゾンビガーーール🧟‍♀️

とまんさんと言えば🧟‍♂️何てイメージを持ってる方も多いのでは⁉️

又もや可愛いゾンビちゃんが登場です❣️

注※可愛くてもご用心を🙅‍♀️

ステッカー…"
Sun May 12 13:03:44 +0000 2019,8blackfrog8,すがはら ゆうた デザフェス 5/19 K-71,"RT @_reakku: ✨Newステッカー✨

『とまんさん @toman_rock 』

ゾンビガーーール🧟‍♀️

とまんさんと言えば🧟‍♂️何てイメージを持ってる方も多いのでは⁉️

又もや可愛いゾンビちゃんが登場です❣️

注※可愛くてもご用心を🙅‍♀️

ステッカー…"
Sun May 12 12:59:31 +0000 2019,96neko,クロネコ,“Google・Facebookも採用する『OKR』とは?KPI・MBOとの違いから事例までご紹介 | BizHint（ビズヒント）- 事業の課題にヒントを届けるビジネスメディア” https://t.co/YqSBpWcFM4
Sun May 12 11:14:36 +0000 2019,_reakku,フリースタイルクリエーション,"✨Newステッカー✨

『とまんさん @toman_rock 』

ゾンビガーーール🧟‍♀️

とまんさんと言えば🧟‍♂️何てイメージを持ってる方も多いのでは⁉️

又もや可愛いゾンビちゃんが登場です❣️

注※可愛くてもご用心を… https://t.co/OwAQKlLOjP"
Sun May 12 11:13:09 +0000 2019,harukiti070,はる,"超特急島根

beautiful chaser（おさなな、ピアノリョウガさん）
Star Ｇear
feel the light
Billion Beats
Jesus
bye bye bye
panipani（タカミ動画？モニタ… https://t.co/GrUXNNRO7e"
Sun May 12 10:59:08 +0000 2019,watermelon21c,watermelon,NスペPlus なぜ犬は人の心を癒やすのか？ 最新科学が解き明かす4つのキーワード - 医療現場で活躍するセラピー犬の導入が、全国の医療機関へと広がりを見せている　#セラピー犬 #Nスぺ https://t.co/v0ulmXohFa
Sun May 12 10:28:12 +0000 2019,kuoki_sec,くおきの大冒険,"@MiRON_P これすかね？
https://t.co/y8eJdDhbow"
Sun May 12 10:00:33 +0000 2019,TBM_AMAMI,TREASUREBOX-MUZIK,"■2CD■ TREND SETTINGZ vol.1/SWAG BEATZ
https://t.co/mKozuux10F
SWAG BEATZだからこそできるBrand New Mixの決定版MIX CD。
2枚組でDANCEH… https://t.co/zP9oQQbPWU"
Sun May 12 09:47:36 +0000 2019,MomizuoH,Momizuo Hitocabiu,"RT @nhk_Etele: 【あす朝10：10  人気声優 #梶裕貴 が”インゲンマメ”を演じる！】

マジメな学習クリップも、声の達人がセリフを吹き込むと！？
新コーナー「劇的！クリップ ビフォーアフター」

勉強と仕事の合間にほっと一息
「 #ブレイクッ！ 」 #Eテレ…"
Sun May 12 09:29:01 +0000 2019,go_keyword,剛竜馬bot,自販機で５分位迷い、500ミリリットルのコーラ買う。「剛さんですよね？」と尋ねると「でっ、では失敬」と立ち去る。
Sun May 12 09:00:00 +0000 2019,maquia_magazine,マキア編集部,"大人可愛い女子の代表格、田中みな実さんにインタビュー！ #メリハリボディ の秘訣は？
https://t.co/aaOX5Z34jT
＃田中みな実"
Sun May 12 08:25:12 +0000 2019,ikea_friska,friskaスタッフ,"組み合わせ自由自在。新しい子供部屋にイケアのおしゃれな収納はいかがですか？
https://t.co/3C7I2zmjKe"
Sun May 12 08:06:34 +0000 2019,qZDuCbznJUEJ9Df,シュンシュン鈴木,RT @movic_pr: ㊗️2期制作決定✨【五等分の花嫁】劇中で三玖が探していたあのジャージを完全再現！！胸には刺繍で名前入り♪五つ子全員分揃ってます👍床に無造作に置くだけで…あなたのお部屋も中野家に！？予約締切は【5/12(日)】まで！確実にゲットしたい方は是非ご予約くだ…
Sun May 12 06:29:28 +0000 2019,yu29108,YUKA,RT @Pokemon_cojp: 受注受け付けは4月21日（日）まで！ ポケモンセンターオンライン限定、「Q-pot.」とのコラボ第2弾の商品をご紹介！ イーブイたちが色とりどりのカップケーキ型バッグチャームになって登場！ あなたはどのポケモンを選ぶ？ https://t.c…
Sun May 12 06:25:13 +0000 2019,ikea_friska,friskaスタッフ,"子供部屋の新生活にイケアのおしゃれな学習机はいかがですか？
https://t.co/lxxyKvV3zn"
Sun May 12 06:24:48 +0000 2019,AkiraShijo,始条 明,"RT @afoc_official: 🎉全公演チケット販売中🎉

a flood of circle
Tour CENTER OF THE EARTH
〜アーユーハイテンション？〜

ぴあ https://t.co/M7wPA4fWm5
ローチケ https://t.co/fm…"
Sun May 12 06:22:23 +0000 2019,risu_4_26,コーラル,RT @Pokemon_cojp: 受注受け付けは4月21日（日）まで！ ポケモンセンターオンライン限定、「Q-pot.」とのコラボ第2弾の商品をご紹介！ イーブイたちが色とりどりのカップケーキ型バッグチャームになって登場！ あなたはどのポケモンを選ぶ？ https://t.c…
Sun May 12 05:30:06 +0000 2019,69_keyword,悠,"RT @kakatootoshi222: 日本人の教科書英語はいわゆるオタクの喋り方に聞こえるらしくて
私が〇〇さん、こんにちは！調子どうですか？私はお腹がすきました！と言ったら外人には〇〇氏ｨ!!奇遇ですな！創建そうで何よりwwwwwwwﾄﾞｩﾌwwww拙者腹ヘリktkrww…"
Sun May 12 05:29:50 +0000 2019,69_keyword,悠,RT @etnssr: そっとしておいてほしい日ほど、何故か拗れてぶつかって喧嘩になったり。そっとしておかないでほしい日ほど、もう興味がなくなったの？と悲しくなるくらいほったらかされたりしている子に、幸あれ。
Sun May 12 05:22:11 +0000 2019,69_keyword,悠,"RT @yami_nadeshiko: この前「いただきます」と言って食べ始めたら

「女しかいないんですから、そんなぶりっ子しなくてもいいですよw」

と女子何人かに笑われたのだけれど、「いただきます」って男の前でぶりっ子する時に言うんでしたっけ？食事の前に必ず言ってますけど…"
Sun May 12 04:26:35 +0000 2019,Milky12121,💋Milky〜みるきぃ〜👿,"RT @DD_4ptn: こににちは🐄

#STEP_UP Vol.5のチケット、忘れてない？

忘れてた方も、迷ってる方も、
まだ間に合うのでぜひぜひ💜

このURLからどうぞ(｢･ω･)｢(多分)

 https://t.co/dhsMApeI7n"
Sun May 12 03:44:03 +0000 2019,DD_4ptn,よぴたん / DDベイビーズ 💜🐄,"こににちは🐄

#STEP_UP Vol.5のチケット、忘れてない？

忘れてた方も、迷ってる方も、
まだ間に合うのでぜひぜひ💜

このURLからどうぞ(｢･ω･)｢(多分)

 https://t.co/dhsMApeI7n"
Sun May 12 03:34:57 +0000 2019,Koifuriofficial,Koifuri_official,"RT @Koifuriofficial: 【5/12LIVE】
MARQUEE祭mini vol.18

出番18:55-19:15
物販19:35-20:35 (並行A)
ご指名入場で特典券2枚分🎫

ご予約はお済みですか？？
まだの方はコチラから👉
https://t.co…"
Sun May 12 03:02:15 +0000 2019,ROCKINN_shinjuk,山野楽器 ロックイン新宿,"[ギター&amp;ドラム館1F]

国内最多展示数！？
ロックイン新宿ではProvidenceを大量展開しております！🔥

お試しするならロックイン新宿へどうぞ！👍

#Providence
#志村昭三
#ロックイン新宿
#RI_SK1… https://t.co/qSVonRpvT0"
Sun May 12 01:58:30 +0000 2019,afoc_official,a flood of circle 公式,"RT @afoc_official: 🎉全公演チケット販売中🎉

a flood of circle
Tour CENTER OF THE EARTH
〜アーユーハイテンション？〜

ぴあ https://t.co/M7wPA4fWm5
ローチケ https://t.co/fm…"
Sun May 12 01:43:22 +0000 2019,jun_927panda,長州非力,@kagamichinatsu パニカムトーキョーと言うディズニーやMARVELのアパレルブランドが結構マニアックなの商品化するのだけど、そこでもポーチしかないっすね😅やっぱこれ系はチェシャ猫が強い😸池袋や渋谷にも店舗あるけど……… https://t.co/CPpV2s1yYc
Sat May 11 23:58:43 +0000 2019,rirariramarimo,よっしぃー♪(´-`)※ポンコツです,"RT @afoc_official: 🎉本日発売初日🎉

7/13(土)東京マイナビBLITZ赤坂
Tour CENTER OF THE EARTH
〜アーユーハイテンション？〜

ツアーファイナルのチケット販売開始‼️

ぴあ https://t.co/M7wPA4fWm5…"
Sat May 11 23:19:37 +0000 2019,indozou_bot,メカインド僧,"◆ノンホモ牛乳だと？ふざけた名前つけやがって……
それじゃまるで我々がいつも飲んでる牛乳は「ホモ牛乳」だと言わんばかりじゃないか……

と思って調べてみたら本当にそうだった。

ノンホモ牛乳とは #hatenakeyword https://t.co/nBWSl6z1CS"
Sat May 11 23:10:46 +0000 2019,tbr0Inancy,かす汁梨子,"RT @afoc_official: 🎉本日発売初日🎉

7/13(土)東京マイナビBLITZ赤坂
Tour CENTER OF THE EARTH
〜アーユーハイテンション？〜

ツアーファイナルのチケット販売開始‼️

ぴあ https://t.co/M7wPA4fWm5…"
Sat May 11 23:04:13 +0000 2019,hisayo_tp,Hisayo,"RT @afoc_official: 🎉本日発売初日🎉

7/13(土)東京マイナビBLITZ赤坂
Tour CENTER OF THE EARTH
〜アーユーハイテンション？〜

ツアーファイナルのチケット販売開始‼️

ぴあ https://t.co/M7wPA4fWm5…"
Sat May 11 23:03:29 +0000 2019,Ymakoto112,安田,RT @movic_pr: ㊗️2期制作決定✨【五等分の花嫁】劇中で三玖が探していたあのジャージを完全再現！！胸には刺繍で名前入り♪五つ子全員分揃ってます👍床に無造作に置くだけで…あなたのお部屋も中野家に！？予約締切は【5/12(日)】まで！確実にゲットしたい方は是非ご予約くだ…
Sat May 11 22:08:41 +0000 2019,deliheru_fuzoku,全国No1風俗嬢集結　デリヘルキング,安いは正義！失敗しても許せる・・かも？1万円以下の格安デリヘルを探す！ https://t.co/DCAvWKbEyt  #デリヘルキング #デリヘル #風俗
Sat May 11 22:06:43 +0000 2019,0401_hiroko,かちょお,"RT @afoc_official: 🎉全公演チケット販売中🎉

a flood of circle
Tour CENTER OF THE EARTH
〜アーユーハイテンション？〜

ぴあ https://t.co/M7wPA4fWm5
ローチケ https://t.co/fm…"
Sat May 11 21:55:38 +0000 2019,Futabarii,ふたば。,"RT @afoc_official: 🎉全公演チケット販売中🎉

a flood of circle
Tour CENTER OF THE EARTH
〜アーユーハイテンション？〜

ぴあ https://t.co/M7wPA4fWm5
ローチケ https://t.co/fm…"
Sat May 11 20:35:26 +0000 2019,nkrsgodesign,nikorasu go design,「寒いな……」って思ったら、パーカを一枚上からかぶってみるのはどうでしょう？https://t.co/LjfhPAx35l
Sat May 11 15:25:09 +0000 2019,tamba96,丹波栗＠おっさん,"RT @ganref: 花を撮影しているところにアマガエルが現れて主役の座を奪う、という経験はありませんか？
いつどこで出会っても撮り逃しのないように、印象的な構図などを頭に入れておきましょう
▼アマガエルの写真
https://t.co/tKb6W4k0kT #写真 #カエル…"
Sat May 11 14:28:18 +0000 2019,ytkmns,P3,"Ｑ＆Ａ詳細 | 遊戯王 オフィシャルカードゲーム デュエルモンスターズ - カードデータベース https://t.co/ejt3zfBgd7
「魔封じの芳香」が適用されている場合、ペンデュラムモンスターを魔法カードとして発動できますか？"
Sat May 11 13:42:15 +0000 2019,nene_S_N_O_W_S,eto,"RT @afoc_official: 🎉全公演チケット販売中🎉

a flood of circle
Tour CENTER OF THE EARTH
〜アーユーハイテンション？〜

ぴあ https://t.co/M7wPA4fWm5
ローチケ https://t.co/fm…"
Sat May 11 13:30:42 +0000 2019,EDUPEDIA_web,EDUPEDIA〜先生のための教育事典〜,【特集企画】「病室と教室をつなぐ－もしクラスの子どもが入院したら？－」https://t.co/sMSBTNZb8J クラスの子どもが入院することになったとき、治療を終えて戻ってくるとき、彼らが必要としていることとはなんでしょうか… https://t.co/xwbqQHM9uz
Sat May 11 13:22:54 +0000 2019,rirariramarimo,よっしぃー♪(´-`)※ポンコツです,"RT @afoc_official: 🎉全公演チケット販売中🎉

a flood of circle
Tour CENTER OF THE EARTH
〜アーユーハイテンション？〜

ぴあ https://t.co/M7wPA4fWm5
ローチケ https://t.co/fm…"
Sat May 11 13:21:51 +0000 2019,kuso_yafuoku,ナカムラミノリ≠雌,"RT @afoc_official: 🎉全公演チケット販売中🎉

a flood of circle
Tour CENTER OF THE EARTH
〜アーユーハイテンション？〜

ぴあ https://t.co/M7wPA4fWm5
ローチケ https://t.co/fm…"
Sat May 11 13:21:41 +0000 2019,afoc_official,a flood of circle 公式,"🎉全公演チケット販売中🎉

a flood of circle
Tour CENTER OF THE EARTH
〜アーユーハイテンション？〜

ぴあ https://t.co/M7wPA4fWm5
ローチケ… https://t.co/07WLO4h7oh"
Sat May 11 12:25:12 +0000 2019,ikea_friska,friskaスタッフ,"組み合わせ自由自在。新しい子供部屋にイケアのおしゃれな収納はいかがですか？
https://t.co/3C7I2zmjKe"
Sat May 11 12:23:11 +0000 2019,est_kaz96,Ⓚaz,"RT @TabiraiHokkaido: 羽幌や増毛で旬の甘えび？　白老でご当地牛？　北海道ならではのグルメイベントに参加しちゃおう♪　3800円～とリーズナブルなバスツアーなら、移動も楽々。地酒が楽しめるのもうれしい！

■ご予約はこちら
https://t.co/iMqJy…"
Sat May 11 12:07:16 +0000 2019,Taka_A320,たか機長＠パラオで夢を叶えた生き方,"アメリカで

旅客機の乗客が前方のドアを開けようとしてる

パイロットが緊急事態宣言、、、

keyword:

- mentally disturbed passenger （精神異常者？）

- law enforcement… https://t.co/bMlW8eT25p"
Sat May 11 11:39:07 +0000 2019,VC3zCOhKY4lCUAY,マリー@完全娯楽,RT @movic_pr: ㊗️2期制作決定✨【五等分の花嫁】劇中で三玖が探していたあのジャージを完全再現！！胸には刺繍で名前入り♪五つ子全員分揃ってます👍床に無造作に置くだけで…あなたのお部屋も中野家に！？予約締切は【5/12(日)】まで！確実にゲットしたい方は是非ご予約くだ…
Sat May 11 11:13:01 +0000 2019,IWANENOYOTTAN46,岩根よったん♪たまにお絵かきします(ゝω・´★),RT @movic_pr: ㊗️2期制作決定✨【五等分の花嫁】劇中で三玖が探していたあのジャージを完全再現！！胸には刺繍で名前入り♪五つ子全員分揃ってます👍床に無造作に置くだけで…あなたのお部屋も中野家に！？予約締切は【5/12(日)】まで！確実にゲットしたい方は是非ご予約くだ…
Sat May 11 10:36:23 +0000 2019,momotsubutsubu,MOMOSE,RT @movic_pr: ㊗️2期制作決定✨【五等分の花嫁】劇中で三玖が探していたあのジャージを完全再現！！胸には刺繍で名前入り♪五つ子全員分揃ってます👍床に無造作に置くだけで…あなたのお部屋も中野家に！？予約締切は【5/12(日)】まで！確実にゲットしたい方は是非ご予約くだ…
Sat May 11 10:25:12 +0000 2019,ikea_friska,friskaスタッフ,"子供部屋の新生活にイケアのおしゃれな学習机はいかがですか？
https://t.co/lxxyKvV3zn"
Sat May 11 10:11:23 +0000 2019,falcon_yds48,fqlcqn@gqd,RT @movic_pr: ㊗️2期制作決定✨【五等分の花嫁】劇中で三玖が探していたあのジャージを完全再現！！胸には刺繍で名前入り♪五つ子全員分揃ってます👍床に無造作に置くだけで…あなたのお部屋も中野家に！？予約締切は【5/12(日)】まで！確実にゲットしたい方は是非ご予約くだ…
Sat May 11 10:06:14 +0000 2019,BHtF8OFff86JQwb,チョコ,RT @movic_pr: ㊗️2期制作決定✨【五等分の花嫁】劇中で三玖が探していたあのジャージを完全再現！！胸には刺繍で名前入り♪五つ子全員分揃ってます👍床に無造作に置くだけで…あなたのお部屋も中野家に！？予約締切は【5/12(日)】まで！確実にゲットしたい方は是非ご予約くだ…
Sat May 11 10:00:35 +0000 2019,TBM_AMAMI,TREASUREBOX-MUZIK,"■2CD■ TREND SETTINGZ vol.1/SWAG BEATZ
https://t.co/mKozuux10F
SWAG BEATZだからこそできるBrand New Mixの決定版MIX CD。
2枚組でDANCEH… https://t.co/GxydmtTvFP"
Sat May 11 08:52:47 +0000 2019,keyword_honsitu,拗らせ課長,@1a1m7i2 10人くらい？
Sat May 11 08:41:49 +0000 2019,H895CWqdDTvn1y8,りきとん@三玖🎧,RT @movic_pr: ㊗️2期制作決定✨【五等分の花嫁】劇中で三玖が探していたあのジャージを完全再現！！胸には刺繍で名前入り♪五つ子全員分揃ってます👍床に無造作に置くだけで…あなたのお部屋も中野家に！？予約締切は【5/12(日)】まで！確実にゲットしたい方は是非ご予約くだ…
Sat May 11 08:36:48 +0000 2019,yuuki79164850,yuuki@フォトナ勢,RT @movic_pr: ㊗️2期制作決定✨【五等分の花嫁】劇中で三玖が探していたあのジャージを完全再現！！胸には刺繍で名前入り♪五つ子全員分揃ってます👍床に無造作に置くだけで…あなたのお部屋も中野家に！？予約締切は【5/12(日)】まで！確実にゲットしたい方は是非ご予約くだ…
Sat May 11 07:49:30 +0000 2019,69_keyword,悠,RT @omoti194: 愚痴をよく聞いてくれる人って石鹸みたいなもので、使った人はキレイになって去ってくけど、当人は汚れるし段々とすり減って無くなってくから、この人石鹸だなって思ったら自分も石鹸になってくっ付いてあげてって後輩にアドバイスしたら「クスリやってます？」って言わ…
Sat May 11 07:23:12 +0000 2019,keyword_honsitu,拗らせ課長,@1a1m7i2 5〜6人でやりませんか⁉️
Sat May 11 07:13:21 +0000 2019,yougure0122,yougure,"RT @afoc_official: 🎉本日発売初日🎉

7/13(土)東京マイナビBLITZ赤坂
Tour CENTER OF THE EARTH
〜アーユーハイテンション？〜

ツアーファイナルのチケット販売開始‼️

ぴあ https://t.co/M7wPA4fWm5…"
Sat May 11 06:55:24 +0000 2019,wY7GS2z80T3KyUz,如月リョウ,RT @movic_pr: ㊗️2期制作決定✨【五等分の花嫁】劇中で三玖が探していたあのジャージを完全再現！！胸には刺繍で名前入り♪五つ子全員分揃ってます👍床に無造作に置くだけで…あなたのお部屋も中野家に！？予約締切は【5/12(日)】まで！確実にゲットしたい方は是非ご予約くだ…
Sat May 11 06:17:46 +0000 2019,Yoshitomo1160,大正金時,"RT @TabiraiHokkaido: 羽幌や増毛で旬の甘えび？　白老でご当地牛？　北海道ならではのグルメイベントに参加しちゃおう♪　3800円～とリーズナブルなバスツアーなら、移動も楽々。地酒が楽しめるのもうれしい！

■ご予約はこちら
https://t.co/iMqJy…"
Sat May 11 05:55:25 +0000 2019,UGhwZ1G5SWXEoOr,栞菜,RT @movic_pr: ㊗️2期制作決定✨【五等分の花嫁】劇中で三玖が探していたあのジャージを完全再現！！胸には刺繍で名前入り♪五つ子全員分揃ってます👍床に無造作に置くだけで…あなたのお部屋も中野家に！？予約締切は【5/12(日)】まで！確実にゲットしたい方は是非ご予約くだ…
Sat May 11 05:54:47 +0000 2019,marishuka_0816,⛵️まりしゅか😈@朱夏人 朱夏ちゃんビームありがと,RT @movic_pr: ㊗️2期制作決定✨【五等分の花嫁】劇中で三玖が探していたあのジャージを完全再現！！胸には刺繍で名前入り♪五つ子全員分揃ってます👍床に無造作に置くだけで…あなたのお部屋も中野家に！？予約締切は【5/12(日)】まで！確実にゲットしたい方は是非ご予約くだ…
Sat May 11 05:29:29 +0000 2019,gongon_0607,ごんごん@キラやば꙳★*ﾟ,RT @movic_pr: ㊗️2期制作決定✨【五等分の花嫁】劇中で三玖が探していたあのジャージを完全再現！！胸には刺繍で名前入り♪五つ子全員分揃ってます👍床に無造作に置くだけで…あなたのお部屋も中野家に！？予約締切は【5/12(日)】まで！確実にゲットしたい方は是非ご予約くだ…
Sat May 11 05:25:19 +0000 2019,SHIN10529,しんいち,RT @movic_pr: ㊗️2期制作決定✨【五等分の花嫁】劇中で三玖が探していたあのジャージを完全再現！！胸には刺繍で名前入り♪五つ子全員分揃ってます👍床に無造作に置くだけで…あなたのお部屋も中野家に！？予約締切は【5/12(日)】まで！確実にゲットしたい方は是非ご予約くだ…
Sat May 11 05:18:33 +0000 2019,qoopxx,佳人ちゃん,@keyword_honsitu いいですね！というか、いいんですか？！
Sat May 11 05:03:11 +0000 2019,keyword_honsitu,拗らせ課長,@partialtopink6 今度、いかがですか⁉️
Sat May 11 05:03:04 +0000 2019,keyword_honsitu,拗らせ課長,@qoopxx 今度、いかがですか⁉️
Sat May 11 04:43:30 +0000 2019,M0fQvY5MNjvq9Vf,YUGA🐙,RT @movic_pr: ㊗️2期制作決定✨【五等分の花嫁】劇中で三玖が探していたあのジャージを完全再現！！胸には刺繍で名前入り♪五つ子全員分揃ってます👍床に無造作に置くだけで…あなたのお部屋も中野家に！？予約締切は【5/12(日)】まで！確実にゲットしたい方は是非ご予約くだ…
Sat May 11 04:35:47 +0000 2019,kotyouteria77,❀徒花❀は、現実の厳しさを知って別世界に逃亡する。,RT @movic_pr: ㊗️2期制作決定✨【五等分の花嫁】劇中で三玖が探していたあのジャージを完全再現！！胸には刺繍で名前入り♪五つ子全員分揃ってます👍床に無造作に置くだけで…あなたのお部屋も中野家に！？予約締切は【5/12(日)】まで！確実にゲットしたい方は是非ご予約くだ…
Sat May 11 04:34:13 +0000 2019,seiteitatunari,湾岸の聖帝タツナーリ,RT @movic_pr: ㊗️2期制作決定✨【五等分の花嫁】劇中で三玖が探していたあのジャージを完全再現！！胸には刺繍で名前入り♪五つ子全員分揃ってます👍床に無造作に置くだけで…あなたのお部屋も中野家に！？予約締切は【5/12(日)】まで！確実にゲットしたい方は是非ご予約くだ…
Sat May 11 04:24:03 +0000 2019,Tramonti_Ade,Tramonti,"RT @MargaretBOOK: 【MBS！限定 毎週連載更新！】
由夜は夏果学園に編入して、寮生活を送ることに。でも“木苺寮”はナゾだらけ!?　校内図にものってないし、なぜか男女共同寮!!　その上、ヘンな住人ばかりで…。
#春田なな『ラブ・ベリッシュ！』ep.3-2
※アプ…"
Sat May 11 04:22:22 +0000 2019,trackmantv,しおじい@トラじい@うまじい,"RT @TabiraiHokkaido: 羽幌や増毛で旬の甘えび？　白老でご当地牛？　北海道ならではのグルメイベントに参加しちゃおう♪　3800円～とリーズナブルなバスツアーなら、移動も楽々。地酒が楽しめるのもうれしい！

■ご予約はこちら
https://t.co/iMqJy…"
Sat May 11 04:20:54 +0000 2019,ribon60th,りぼん編集部,"RT @MargaretBOOK: 【MBS！限定 毎週連載更新！】
由夜は夏果学園に編入して、寮生活を送ることに。でも“木苺寮”はナゾだらけ!?　校内図にものってないし、なぜか男女共同寮!!　その上、ヘンな住人ばかりで…。
#春田なな『ラブ・ベリッシュ！』ep.3-2
※アプ…"
Sat May 11 03:50:03 +0000 2019,m2720s,聖//なしこちゃん,RT @movic_pr: ㊗️2期制作決定✨【五等分の花嫁】劇中で三玖が探していたあのジャージを完全再現！！胸には刺繍で名前入り♪五つ子全員分揃ってます👍床に無造作に置くだけで…あなたのお部屋も中野家に！？予約締切は【5/12(日)】まで！確実にゲットしたい方は是非ご予約くだ…
datetime,id,name,text
Sun May 12 07:07:07 +0000 2019,hikarujoe,矢島 光🐥,"明日取材で明後日講義あるから、山中先生に「そろそろアイコニックになりたいから何着たらいいか」LINEで質問したら、
隣にいた藝大のデザイン科出身のおにいさんに「あの山中俊治に、なんてしょうもない質問するんだ」とワナワナされました。"
Sun May 12 05:02:03 +0000 2019,dezign_bot,𝐷𝐸𝑍𝐼𝐺𝑁,「私は、一見非常識に見えても、筋が通っていると感じた考え方をいつも採用してきました。わくわくするブレークスルーはそこにしかないからです。」山中俊治 https://t.co/ezYbhwEsBU ##dezign_bot
Fri May 10 04:18:48 +0000 2019,Designcreateall,人生をデザインする、クリエイターの言葉,私は、一見非常識に見えても、筋が通っていると感じた考え方をいつも採用してきました。わくわくするブレークスルーはそこにしかないからです。（山中俊治） #amazon #design #brand
Fri May 10 03:12:35 +0000 2019,Archi_meigen,デザイン名言bot,私は、一見非常識に見えても、筋が通っていると感じた考え方をいつも採用してきました。わくわくするブレークスルーはそこにしかないからです。by山中俊治
Wed May 08 15:48:25 +0000 2019,niyata2807,Makoto-N,📷 conveniitekuru: 山中俊治 Shunji Yamanakaさんのツイート: “会議の合間にふらりと立ち寄った東大総合研究博物館。現在開催中の「家畜」展が素晴らしいです。... https://t.co/TELEoLr7Fz
Wed May 08 13:29:10 +0000 2019,galliano,"Mitsushi ""Galliano"" Abe🔌",📷 conveniitekuru: 山中俊治 Shunji Yamanakaさんのツイート: “会議の合間にふらりと立ち寄った東大総合研究博物館。現在開催中の「家畜」展が素晴らしいです。... https://t.co/mDTZUxvQgb
Wed May 08 11:33:36 +0000 2019,masataka_2007,masataka okajima,"RT @axismag: デザイン誌「AXIS」の20年間に及ぶ表紙インタビューシリーズを一冊にまとめた本「AXIS THE COVER STORIES」。その出版を記念して開催した、山中俊治さんと寺尾 玄によるトークセッションを、フルバージョン動画でお届けします。
https…"
Wed May 08 10:19:45 +0000 2019,axismag,Webマガジン「AXIS」,"RT @axismag: デザイン誌「AXIS」の20年間に及ぶ表紙インタビューシリーズを一冊にまとめた本「AXIS THE COVER STORIES」。その出版を記念して開催した、山中俊治さんと寺尾 玄によるトークセッションを、フルバージョン動画でお届けします。
https…"
Wed May 08 01:08:08 +0000 2019,h_ishiguro_bot,ロボット工学者 石黒浩教授 bot,山中俊治の「デザインの骨格」 ゾンビが不気味なのは、ゾンビが少数派の間だけ https://t.co/Msx1Bqi8uE
Mon May 06 23:19:33 +0000 2019,wasawasa2734,元気が出る言葉、やる気が出る言葉,全員が同じバスで一斉に出勤することや、お昼休みに一斉にご飯を食べるのが、毎日とてもこわかった。 山中 俊治
Mon May 06 20:45:41 +0000 2019,matsumotoo988,matsumotoo / マーケ&観察好き,思考の道具としてのスケッチ: 山中 俊治 at TEDxKeioSFC https://t.co/ac62v94Esk
Mon May 06 07:01:54 +0000 2019,dezign_bot,𝐷𝐸𝑍𝐼𝐺𝑁,「私は、一見非常識に見えても、筋が通っていると感じた考え方をいつも採用してきました。わくわくするブレークスルーはそこにしかないからです。」山中俊治 https://t.co/ezYbhwEsBU ##dezign_bot
Mon May 06 05:45:01 +0000 2019,pianoforte2012,らん,RT @xehikiriboco: 「好きなことをやって生きる」というのは、欲望のままに生きることではない。好きなことと社会との接点を探し続ける、長く苦しい道のりことを言う。－TW：Yam_eye山中俊治：インダストリアルデザイナー2014/6/4 22:001020https…
Sun May 05 21:01:22 +0000 2019,xehikiriboco,名言集,「好きなことをやって生きる」というのは、欲望のままに生きることではない。好きなことと社会との接点を探し続ける、長く苦しい道のりことを言う。－TW：Yam_eye山中俊治：インダストリアルデザイナー2014/6/4 22:00102… https://t.co/wcbR6cBIe2
Sun May 05 19:01:45 +0000 2019,dezign_bot,𝐷𝐸𝑍𝐼𝐺𝑁,「私は、一見非常識に見えても、筋が通っていると感じた考え方をいつも採用してきました。わくわくするブレークスルーはそこにしかないからです。」山中俊治 https://t.co/ezYbhwEsBU ##dezign_bot
Sun May 05 08:07:59 +0000 2019,h_ishiguro_bot,ロボット工学者 石黒浩教授 bot,山中俊治の「デザインの骨格」 ゾンビが不気味なのは、ゾンビが少数派の間だけ https://t.co/Msx1Bqi8uE
Sun May 05 02:01:24 +0000 2019,xehikiriboco,名言集,認められたいという気持ちが強すぎると、認められるためのデザインをするようになる。多くの人に受け入れられるデザインとは、そういうことではない。－TW：Yam_eye山中俊治：インダストリアルデザイナー2014/3/13 14:001… https://t.co/FZhQkRJPPB
Sat May 04 18:58:24 +0000 2019,ari_m11,Arim （ありむ ）🐾🍃絵本『猫のペコリ』,"山中俊治先生@Yam_eye
「美しい義足プロジェクト」…
https://t.co/cmifHZo4Rg

インダストリアルデザイナー
https://t.co/pbvxtBqi0p"
Sat May 04 18:56:09 +0000 2019,ari_m11,Arim （ありむ ）🐾🍃絵本『猫のペコリ』,@niets983323 お困りのご様子ですね。良い情報が集まるといいですね。RTさせて頂きますね。どうぞ宜しくお願い致します。また尊敬してます山中俊治先生@Yam_eyeの記事もTwさせて頂きますね。
Sat May 04 11:01:29 +0000 2019,designah_bot,デザインの人bot,【山中俊治】身の回りのモノのしくみを観察してみよう！
Sat May 04 10:01:52 +0000 2019,dezign_bot,𝐷𝐸𝑍𝐼𝐺𝑁,「私は、一見非常識に見えても、筋が通っていると感じた考え方をいつも採用してきました。わくわくするブレークスルーはそこにしかないからです。」山中俊治 https://t.co/ezYbhwEsBU ##dezign_bot
Sat May 04 03:08:07 +0000 2019,h_ishiguro_bot,ロボット工学者 石黒浩教授 bot,山中俊治の「デザインの骨格」 ゾンビが不気味なのは、ゾンビが少数派の間だけ https://t.co/Msx1Bqi8uE
Fri May 03 11:53:18 +0000 2019,11_kodama,コダマ11,"RT @madnoda: 先日、デザインやってる人に「シドミードを目指している」と言われて、私は「シドミードとは仕事したことないけど、山中俊治先生とは仕事したことあるよ」と返したら、その人は驚いていた
それを見ていた平成生まれの若者は、シドミードを知らずに、ポカンとしていた"
Fri May 03 11:28:47 +0000 2019,it_is_abc,あべし,"RT @madnoda: 先日、デザインやってる人に「シドミードを目指している」と言われて、私は「シドミードとは仕事したことないけど、山中俊治先生とは仕事したことあるよ」と返したら、その人は驚いていた
それを見ていた平成生まれの若者は、シドミードを知らずに、ポカンとしていた"
Fri May 03 09:01:27 +0000 2019,designah_bot,デザインの人bot,【山中俊治】身の回りのモノのしくみを観察してみよう！
Fri May 03 03:01:30 +0000 2019,designah_bot,デザインの人bot,【山中俊治】カバンとかペンとか靴とか、そういうモノがどうして便利なのか、なんで使ってて楽しいのか時にはどうしてそれが不便なのか、そういうことをよく観察してみると、自分にとってどんなモノが幸せにしてくれるのかなってことがわかってくると思います。
